<?xml version="1.0" encoding="UTF-8"?>
<project-private xmlns="http://www.netbeans.org/ns/project-private/1">
    <editor-bookmarks xmlns="http://www.netbeans.org/ns/editor-bookmarks/2" lastBookmarkId="0"/>
    <open-files xmlns="http://www.netbeans.org/ns/projectui-open-files/2">
        <group>
            <file>file:/Users/davidkim/Desktop/Github/GameEngineAPI/KimChoGridApi/public_html/BomberMan.html</file>
            <file>file:/Users/davidkim/Desktop/Github/GameEngineAPI/KimChoGridApi/public_html/src/MyGame/BomberMan.js</file>
            <file>file:/Users/davidkim/Desktop/Github/GameEngineAPI/KimChoGridApi/public_html/src/Engine/TileMap.js</file>
        </group>
    </open-files>
</project-private>
