{"GridLength":"10","GridHeight":"10","CellWidth":1,"CellHeight":1,"GridArray":[[{"cellWidth":1,"cellHeight":1,"cellXPos":0,"cellYPos":0,"renderable":{"mShader":{"mCompiledShader":{},"mShaderVertexPositionAttribute":0,"mPixelColor":{},"mModelTransform":{},"mViewProjTransform":{},"mVertexShader":{},"mFragmentShader":{},"mShaderTextureCoordAttribute":1},"mXform":{"mPosition":{"0":-4.5,"1":-4.5},"mScale":{"0":1,"1":1},"mRotationInRad":0},"mColor":[1,1,1,0],"mTexture":"assets/bomberman/backyard_1.png","mTextureInfo":{"mName":"assets/bomberman/backyard_1.png","mWidth":64,"mHeight":64,"mGLTexID":{},"mColorArray":null},"mColorArray":null,"mTexWidth":64,"mTexHeight":64,"mTexLeftIndex":0,"mTexBottomIndex":0}},{"cellWidth":1,"cellHeight":1,"cellXPos":0,"cellYPos":1,"renderable":{"mShader":{"mCompiledShader":{},"mShaderVertexPositionAttribute":0,"mPixelColor":{},"mModelTransform":{},"mViewProjTransform":{},"mVertexShader":{},"mFragmentShader":{},"mShaderTextureCoordAttribute":1},"mXform":{"mPosition":{"0":-4.5,"1":-3.5},"mScale":{"0":1,"1":1},"mRotationInRad":0},"mColor":[1,1,1,0],"mTexture":"assets/bomberman/backyard_1.png","mTextureInfo":{"mName":"assets/bomberman/backyard_1.png","mWidth":64,"mHeight":64,"mGLTexID":{},"mColorArray":null},"mColorArray":null,"mTexWidth":64,"mTexHeight":64,"mTexLeftIndex":0,"mTexBottomIndex":0}},{"cellWidth":1,"cellHeight":1,"cellXPos":0,"cellYPos":2,"renderable":{"mShader":{"mCompiledShader":{},"mShaderVertexPositionAttribute":0,"mPixelColor":{},"mModelTransform":{},"mViewProjTransform":{},"mVertexShader":{},"mFragmentShader":{},"mShaderTextureCoordAttribute":1},"mXform":{"mPosition":{"0":-4.5,"1":-2.5},"mScale":{"0":1,"1":1},"mRotationInRad":0},"mColor":[1,1,1,0],"mTexture":"assets/bomberman/backyard_1.png","mTextureInfo":{"mName":"assets/bomberman/backyard_1.png","mWidth":64,"mHeight":64,"mGLTexID":{},"mColorArray":null},"mColorArray":null,"mTexWidth":64,"mTexHeight":64,"mTexLeftIndex":0,"mTexBottomIndex":0}},{"cellWidth":1,"cellHeight":1,"cellXPos":0,"cellYPos":3,"renderable":{"mShader":{"mCompiledShader":{},"mShaderVertexPositionAttribute":0,"mPixelColor":{},"mModelTransform":{},"mViewProjTransform":{},"mVertexShader":{},"mFragmentShader":{},"mShaderTextureCoordAttribute":1},"mXform":{"mPosition":{"0":-4.5,"1":-1.5},"mScale":{"0":1,"1":1},"mRotationInRad":0},"mColor":[1,1,1,0],"mTexture":"assets/bomberman/backyard_1.png","mTextureInfo":{"mName":"assets/bomberman/backyard_1.png","mWidth":64,"mHeight":64,"mGLTexID":{},"mColorArray":null},"mColorArray":null,"mTexWidth":64,"mTexHeight":64,"mTexLeftIndex":0,"mTexBottomIndex":0}},{"cellWidth":1,"cellHeight":1,"cellXPos":0,"cellYPos":4,"renderable":{"mShader":{"mCompiledShader":{},"mShaderVertexPositionAttribute":0,"mPixelColor":{},"mModelTransform":{},"mViewProjTransform":{},"mVertexShader":{},"mFragmentShader":{},"mShaderTextureCoordAttribute":1},"mXform":{"mPosition":{"0":-4.5,"1":-0.5},"mScale":{"0":1,"1":1},"mRotationInRad":0},"mColor":[1,1,1,0],"mTexture":"assets/bomberman/backyard_1.png","mTextureInfo":{"mName":"assets/bomberman/backyard_1.png","mWidth":64,"mHeight":64,"mGLTexID":{},"mColorArray":null},"mColorArray":null,"mTexWidth":64,"mTexHeight":64,"mTexLeftIndex":0,"mTexBottomIndex":0}},{"cellWidth":1,"cellHeight":1,"cellXPos":0,"cellYPos":5,"renderable":{"mShader":{"mCompiledShader":{},"mShaderVertexPositionAttribute":0,"mPixelColor":{},"mModelTransform":{},"mViewProjTransform":{},"mVertexShader":{},"mFragmentShader":{},"mShaderTextureCoordAttribute":1},"mXform":{"mPosition":{"0":-4.5,"1":0.5},"mScale":{"0":1,"1":1},"mRotationInRad":0},"mColor":[1,1,1,0],"mTexture":"assets/bomberman/backyard_1.png","mTextureInfo":{"mName":"assets/bomberman/backyard_1.png","mWidth":64,"mHeight":64,"mGLTexID":{},"mColorArray":null},"mColorArray":null,"mTexWidth":64,"mTexHeight":64,"mTexLeftIndex":0,"mTexBottomIndex":0}},{"cellWidth":1,"cellHeight":1,"cellXPos":0,"cellYPos":6,"renderable":{"mShader":{"mCompiledShader":{},"mShaderVertexPositionAttribute":0,"mPixelColor":{},"mModelTransform":{},"mViewProjTransform":{},"mVertexShader":{},"mFragmentShader":{},"mShaderTextureCoordAttribute":1},"mXform":{"mPosition":{"0":-4.5,"1":1.5},"mScale":{"0":1,"1":1},"mRotationInRad":0},"mColor":[1,1,1,0],"mTexture":"assets/bomberman/backyard_1.png","mTextureInfo":{"mName":"assets/bomberman/backyard_1.png","mWidth":64,"mHeight":64,"mGLTexID":{},"mColorArray":null},"mColorArray":null,"mTexWidth":64,"mTexHeight":64,"mTexLeftIndex":0,"mTexBottomIndex":0}},{"cellWidth":1,"cellHeight":1,"cellXPos":0,"cellYPos":7,"renderable":{"mShader":{"mCompiledShader":{},"mShaderVertexPositionAttribute":0,"mPixelColor":{},"mModelTransform":{},"mViewProjTransform":{},"mVertexShader":{},"mFragmentShader":{},"mShaderTextureCoordAttribute":1},"mXform":{"mPosition":{"0":-4.5,"1":2.5},"mScale":{"0":1,"1":1},"mRotationInRad":0},"mColor":[1,1,1,0],"mTexture":"assets/bomberman/backyard_1.png","mTextureInfo":{"mName":"assets/bomberman/backyard_1.png","mWidth":64,"mHeight":64,"mGLTexID":{},"mColorArray":null},"mColorArray":null,"mTexWidth":64,"mTexHeight":64,"mTexLeftIndex":0,"mTexBottomIndex":0}},{"cellWidth":1,"cellHeight":1,"cellXPos":0,"cellYPos":8,"renderable":{"mShader":{"mCompiledShader":{},"mShaderVertexPositionAttribute":0,"mPixelColor":{},"mModelTransform":{},"mViewProjTransform":{},"mVertexShader":{},"mFragmentShader":{},"mShaderTextureCoordAttribute":1},"mXform":{"mPosition":{"0":-4.5,"1":3.5},"mScale":{"0":1,"1":1},"mRotationInRad":0},"mColor":[1,1,1,0],"mTexture":"assets/bomberman/backyard_1.png","mTextureInfo":{"mName":"assets/bomberman/backyard_1.png","mWidth":64,"mHeight":64,"mGLTexID":{},"mColorArray":null},"mColorArray":null,"mTexWidth":64,"mTexHeight":64,"mTexLeftIndex":0,"mTexBottomIndex":0}},{"cellWidth":1,"cellHeight":1,"cellXPos":0,"cellYPos":9,"renderable":{"mShader":{"mCompiledShader":{},"mShaderVertexPositionAttribute":0,"mPixelColor":{},"mModelTransform":{},"mViewProjTransform":{},"mVertexShader":{},"mFragmentShader":{},"mShaderTextureCoordAttribute":1},"mXform":{"mPosition":{"0":-4.5,"1":4.5},"mScale":{"0":1,"1":1},"mRotationInRad":0},"mColor":[1,1,1,0],"mTexture":"assets/bomberman/backyard_1.png","mTextureInfo":{"mName":"assets/bomberman/backyard_1.png","mWidth":64,"mHeight":64,"mGLTexID":{},"mColorArray":null},"mColorArray":null,"mTexWidth":64,"mTexHeight":64,"mTexLeftIndex":0,"mTexBottomIndex":0}}],[{"cellWidth":1,"cellHeight":1,"cellXPos":1,"cellYPos":0,"renderable":{"mShader":{"mCompiledShader":{},"mShaderVertexPositionAttribute":0,"mPixelColor":{},"mModelTransform":{},"mViewProjTransform":{},"mVertexShader":{},"mFragmentShader":{},"mShaderTextureCoordAttribute":1},"mXform":{"mPosition":{"0":-3.5,"1":-4.5},"mScale":{"0":1,"1":1},"mRotationInRad":0},"mColor":[1,1,1,0],"mTexture":"assets/bomberman/backyard_1.png","mTextureInfo":{"mName":"assets/bomberman/backyard_1.png","mWidth":64,"mHeight":64,"mGLTexID":{},"mColorArray":null},"mColorArray":null,"mTexWidth":64,"mTexHeight":64,"mTexLeftIndex":0,"mTexBottomIndex":0}},{"cellWidth":1,"cellHeight":1,"cellXPos":1,"cellYPos":1,"renderable":{"mShader":{"mCompiledShader":{},"mShaderVertexPositionAttribute":0,"mPixelColor":{},"mModelTransform":{},"mViewProjTransform":{},"mVertexShader":{},"mFragmentShader":{},"mShaderTextureCoordAttribute":1},"mXform":{"mPosition":{"0":-3.5,"1":-3.5},"mScale":{"0":1,"1":1},"mRotationInRad":0},"mColor":[1,1,1,0],"mTexture":"assets/bomberman/backyard_49.png","mTextureInfo":{"mName":"assets/bomberman/backyard_49.png","mWidth":64,"mHeight":64,"mGLTexID":{},"mColorArray":null},"mColorArray":null,"mTexWidth":64,"mTexHeight":64,"mTexLeftIndex":0,"mTexBottomIndex":0}},{"cellWidth":1,"cellHeight":1,"cellXPos":1,"cellYPos":2,"renderable":{"mShader":{"mCompiledShader":{},"mShaderVertexPositionAttribute":0,"mPixelColor":{},"mModelTransform":{},"mViewProjTransform":{},"mVertexShader":{},"mFragmentShader":{},"mShaderTextureCoordAttribute":1},"mXform":{"mPosition":{"0":-3.5,"1":-2.5},"mScale":{"0":1,"1":1},"mRotationInRad":0},"mColor":[1,1,1,0],"mTexture":"assets/bomberman/backyard_49.png","mTextureInfo":{"mName":"assets/bomberman/backyard_49.png","mWidth":64,"mHeight":64,"mGLTexID":{},"mColorArray":null},"mColorArray":null,"mTexWidth":64,"mTexHeight":64,"mTexLeftIndex":0,"mTexBottomIndex":0}},{"cellWidth":1,"cellHeight":1,"cellXPos":1,"cellYPos":3,"renderable":{"mShader":{"mCompiledShader":{},"mShaderVertexPositionAttribute":0,"mPixelColor":{},"mModelTransform":{},"mViewProjTransform":{},"mVertexShader":{},"mFragmentShader":{},"mShaderTextureCoordAttribute":1},"mXform":{"mPosition":{"0":-3.5,"1":-1.5},"mScale":{"0":1,"1":1},"mRotationInRad":0},"mColor":[1,1,1,0],"mTexture":"assets/bomberman/backyard_49.png","mTextureInfo":{"mName":"assets/bomberman/backyard_49.png","mWidth":64,"mHeight":64,"mGLTexID":{},"mColorArray":null},"mColorArray":null,"mTexWidth":64,"mTexHeight":64,"mTexLeftIndex":0,"mTexBottomIndex":0}},{"cellWidth":1,"cellHeight":1,"cellXPos":1,"cellYPos":4,"renderable":{"mShader":{"mCompiledShader":{},"mShaderVertexPositionAttribute":0,"mPixelColor":{},"mModelTransform":{},"mViewProjTransform":{},"mVertexShader":{},"mFragmentShader":{},"mShaderTextureCoordAttribute":1},"mXform":{"mPosition":{"0":-3.5,"1":-0.5},"mScale":{"0":1,"1":1},"mRotationInRad":0},"mColor":[1,1,1,0],"mTexture":"assets/bomberman/backyard_49.png","mTextureInfo":{"mName":"assets/bomberman/backyard_49.png","mWidth":64,"mHeight":64,"mGLTexID":{},"mColorArray":null},"mColorArray":null,"mTexWidth":64,"mTexHeight":64,"mTexLeftIndex":0,"mTexBottomIndex":0}},{"cellWidth":1,"cellHeight":1,"cellXPos":1,"cellYPos":5,"renderable":{"mShader":{"mCompiledShader":{},"mShaderVertexPositionAttribute":0,"mPixelColor":{},"mModelTransform":{},"mViewProjTransform":{},"mVertexShader":{},"mFragmentShader":{},"mShaderTextureCoordAttribute":1},"mXform":{"mPosition":{"0":-3.5,"1":0.5},"mScale":{"0":1,"1":1},"mRotationInRad":0},"mColor":[1,1,1,0],"mTexture":"assets/bomberman/backyard_49.png","mTextureInfo":{"mName":"assets/bomberman/backyard_49.png","mWidth":64,"mHeight":64,"mGLTexID":{},"mColorArray":null},"mColorArray":null,"mTexWidth":64,"mTexHeight":64,"mTexLeftIndex":0,"mTexBottomIndex":0}},{"cellWidth":1,"cellHeight":1,"cellXPos":1,"cellYPos":6,"renderable":{"mShader":{"mCompiledShader":{},"mShaderVertexPositionAttribute":0,"mPixelColor":{},"mModelTransform":{},"mViewProjTransform":{},"mVertexShader":{},"mFragmentShader":{},"mShaderTextureCoordAttribute":1},"mXform":{"mPosition":{"0":-3.5,"1":1.5},"mScale":{"0":1,"1":1},"mRotationInRad":0},"mColor":[1,1,1,0],"mTexture":"assets/bomberman/backyard_49.png","mTextureInfo":{"mName":"assets/bomberman/backyard_49.png","mWidth":64,"mHeight":64,"mGLTexID":{},"mColorArray":null},"mColorArray":null,"mTexWidth":64,"mTexHeight":64,"mTexLeftIndex":0,"mTexBottomIndex":0}},{"cellWidth":1,"cellHeight":1,"cellXPos":1,"cellYPos":7,"renderable":{"mShader":{"mCompiledShader":{},"mShaderVertexPositionAttribute":0,"mPixelColor":{},"mModelTransform":{},"mViewProjTransform":{},"mVertexShader":{},"mFragmentShader":{},"mShaderTextureCoordAttribute":1},"mXform":{"mPosition":{"0":-3.5,"1":2.5},"mScale":{"0":1,"1":1},"mRotationInRad":0},"mColor":[1,1,1,0],"mTexture":"assets/bomberman/backyard_49.png","mTextureInfo":{"mName":"assets/bomberman/backyard_49.png","mWidth":64,"mHeight":64,"mGLTexID":{},"mColorArray":null},"mColorArray":null,"mTexWidth":64,"mTexHeight":64,"mTexLeftIndex":0,"mTexBottomIndex":0}},{"cellWidth":1,"cellHeight":1,"cellXPos":1,"cellYPos":8,"renderable":{"mShader":{"mCompiledShader":{},"mShaderVertexPositionAttribute":0,"mPixelColor":{},"mModelTransform":{},"mViewProjTransform":{},"mVertexShader":{},"mFragmentShader":{},"mShaderTextureCoordAttribute":1},"mXform":{"mPosition":{"0":-3.5,"1":3.5},"mScale":{"0":1,"1":1},"mRotationInRad":0},"mColor":[1,1,1,0],"mTexture":"assets/bomberman/backyard_49.png","mTextureInfo":{"mName":"assets/bomberman/backyard_49.png","mWidth":64,"mHeight":64,"mGLTexID":{},"mColorArray":null},"mColorArray":null,"mTexWidth":64,"mTexHeight":64,"mTexLeftIndex":0,"mTexBottomIndex":0}},{"cellWidth":1,"cellHeight":1,"cellXPos":1,"cellYPos":9,"renderable":{"mShader":{"mCompiledShader":{},"mShaderVertexPositionAttribute":0,"mPixelColor":{},"mModelTransform":{},"mViewProjTransform":{},"mVertexShader":{},"mFragmentShader":{},"mShaderTextureCoordAttribute":1},"mXform":{"mPosition":{"0":-3.5,"1":4.5},"mScale":{"0":1,"1":1},"mRotationInRad":0},"mColor":[1,1,1,0],"mTexture":"assets/bomberman/backyard_1.png","mTextureInfo":{"mName":"assets/bomberman/backyard_1.png","mWidth":64,"mHeight":64,"mGLTexID":{},"mColorArray":null},"mColorArray":null,"mTexWidth":64,"mTexHeight":64,"mTexLeftIndex":0,"mTexBottomIndex":0}}],[{"cellWidth":1,"cellHeight":1,"cellXPos":2,"cellYPos":0,"renderable":{"mShader":{"mCompiledShader":{},"mShaderVertexPositionAttribute":0,"mPixelColor":{},"mModelTransform":{},"mViewProjTransform":{},"mVertexShader":{},"mFragmentShader":{},"mShaderTextureCoordAttribute":1},"mXform":{"mPosition":{"0":-2.5,"1":-4.5},"mScale":{"0":1,"1":1},"mRotationInRad":0},"mColor":[1,1,1,0],"mTexture":"assets/bomberman/backyard_1.png","mTextureInfo":{"mName":"assets/bomberman/backyard_1.png","mWidth":64,"mHeight":64,"mGLTexID":{},"mColorArray":null},"mColorArray":null,"mTexWidth":64,"mTexHeight":64,"mTexLeftIndex":0,"mTexBottomIndex":0}},{"cellWidth":1,"cellHeight":1,"cellXPos":2,"cellYPos":1,"renderable":{"mShader":{"mCompiledShader":{},"mShaderVertexPositionAttribute":0,"mPixelColor":{},"mModelTransform":{},"mViewProjTransform":{},"mVertexShader":{},"mFragmentShader":{},"mShaderTextureCoordAttribute":1},"mXform":{"mPosition":{"0":-2.5,"1":-3.5},"mScale":{"0":1,"1":1},"mRotationInRad":0},"mColor":[1,1,1,0],"mTexture":"assets/bomberman/backyard_49.png","mTextureInfo":{"mName":"assets/bomberman/backyard_49.png","mWidth":64,"mHeight":64,"mGLTexID":{},"mColorArray":null},"mColorArray":null,"mTexWidth":64,"mTexHeight":64,"mTexLeftIndex":0,"mTexBottomIndex":0}},{"cellWidth":1,"cellHeight":1,"cellXPos":2,"cellYPos":2,"renderable":{"mShader":{"mCompiledShader":{},"mShaderVertexPositionAttribute":0,"mPixelColor":{},"mModelTransform":{},"mViewProjTransform":{},"mVertexShader":{},"mFragmentShader":{},"mShaderTextureCoordAttribute":1},"mXform":{"mPosition":{"0":-2.5,"1":-2.5},"mScale":{"0":1,"1":1},"mRotationInRad":0},"mColor":[1,1,1,0],"mTexture":"assets/bomberman/backyard_54.png","mTextureInfo":{"mName":"assets/bomberman/backyard_54.png","mWidth":64,"mHeight":64,"mGLTexID":{},"mColorArray":null},"mColorArray":null,"mTexWidth":64,"mTexHeight":64,"mTexLeftIndex":0,"mTexBottomIndex":0}},{"cellWidth":1,"cellHeight":1,"cellXPos":2,"cellYPos":3,"renderable":{"mShader":{"mCompiledShader":{},"mShaderVertexPositionAttribute":0,"mPixelColor":{},"mModelTransform":{},"mViewProjTransform":{},"mVertexShader":{},"mFragmentShader":{},"mShaderTextureCoordAttribute":1},"mXform":{"mPosition":{"0":-2.5,"1":-1.5},"mScale":{"0":1,"1":1},"mRotationInRad":0},"mColor":[1,1,1,0],"mTexture":"assets/bomberman/backyard_54.png","mTextureInfo":{"mName":"assets/bomberman/backyard_54.png","mWidth":64,"mHeight":64,"mGLTexID":{},"mColorArray":null},"mColorArray":null,"mTexWidth":64,"mTexHeight":64,"mTexLeftIndex":0,"mTexBottomIndex":0}},{"cellWidth":1,"cellHeight":1,"cellXPos":2,"cellYPos":4,"renderable":{"mShader":{"mCompiledShader":{},"mShaderVertexPositionAttribute":0,"mPixelColor":{},"mModelTransform":{},"mViewProjTransform":{},"mVertexShader":{},"mFragmentShader":{},"mShaderTextureCoordAttribute":1},"mXform":{"mPosition":{"0":-2.5,"1":-0.5},"mScale":{"0":1,"1":1},"mRotationInRad":0},"mColor":[1,1,1,0],"mTexture":"assets/bomberman/backyard_54.png","mTextureInfo":{"mName":"assets/bomberman/backyard_54.png","mWidth":64,"mHeight":64,"mGLTexID":{},"mColorArray":null},"mColorArray":null,"mTexWidth":64,"mTexHeight":64,"mTexLeftIndex":0,"mTexBottomIndex":0}},{"cellWidth":1,"cellHeight":1,"cellXPos":2,"cellYPos":5,"renderable":{"mShader":{"mCompiledShader":{},"mShaderVertexPositionAttribute":0,"mPixelColor":{},"mModelTransform":{},"mViewProjTransform":{},"mVertexShader":{},"mFragmentShader":{},"mShaderTextureCoordAttribute":1},"mXform":{"mPosition":{"0":-2.5,"1":0.5},"mScale":{"0":1,"1":1},"mRotationInRad":0},"mColor":[1,1,1,0],"mTexture":"assets/bomberman/backyard_54.png","mTextureInfo":{"mName":"assets/bomberman/backyard_54.png","mWidth":64,"mHeight":64,"mGLTexID":{},"mColorArray":null},"mColorArray":null,"mTexWidth":64,"mTexHeight":64,"mTexLeftIndex":0,"mTexBottomIndex":0}},{"cellWidth":1,"cellHeight":1,"cellXPos":2,"cellYPos":6,"renderable":{"mShader":{"mCompiledShader":{},"mShaderVertexPositionAttribute":0,"mPixelColor":{},"mModelTransform":{},"mViewProjTransform":{},"mVertexShader":{},"mFragmentShader":{},"mShaderTextureCoordAttribute":1},"mXform":{"mPosition":{"0":-2.5,"1":1.5},"mScale":{"0":1,"1":1},"mRotationInRad":0},"mColor":[1,1,1,0],"mTexture":"assets/bomberman/backyard_54.png","mTextureInfo":{"mName":"assets/bomberman/backyard_54.png","mWidth":64,"mHeight":64,"mGLTexID":{},"mColorArray":null},"mColorArray":null,"mTexWidth":64,"mTexHeight":64,"mTexLeftIndex":0,"mTexBottomIndex":0}},{"cellWidth":1,"cellHeight":1,"cellXPos":2,"cellYPos":7,"renderable":{"mShader":{"mCompiledShader":{},"mShaderVertexPositionAttribute":0,"mPixelColor":{},"mModelTransform":{},"mViewProjTransform":{},"mVertexShader":{},"mFragmentShader":{},"mShaderTextureCoordAttribute":1},"mXform":{"mPosition":{"0":-2.5,"1":2.5},"mScale":{"0":1,"1":1},"mRotationInRad":0},"mColor":[1,1,1,0],"mTexture":"assets/bomberman/backyard_54.png","mTextureInfo":{"mName":"assets/bomberman/backyard_54.png","mWidth":64,"mHeight":64,"mGLTexID":{},"mColorArray":null},"mColorArray":null,"mTexWidth":64,"mTexHeight":64,"mTexLeftIndex":0,"mTexBottomIndex":0}},{"cellWidth":1,"cellHeight":1,"cellXPos":2,"cellYPos":8,"renderable":{"mShader":{"mCompiledShader":{},"mShaderVertexPositionAttribute":0,"mPixelColor":{},"mModelTransform":{},"mViewProjTransform":{},"mVertexShader":{},"mFragmentShader":{},"mShaderTextureCoordAttribute":1},"mXform":{"mPosition":{"0":-2.5,"1":3.5},"mScale":{"0":1,"1":1},"mRotationInRad":0},"mColor":[1,1,1,0],"mTexture":"assets/bomberman/backyard_49.png","mTextureInfo":{"mName":"assets/bomberman/backyard_49.png","mWidth":64,"mHeight":64,"mGLTexID":{},"mColorArray":null},"mColorArray":null,"mTexWidth":64,"mTexHeight":64,"mTexLeftIndex":0,"mTexBottomIndex":0}},{"cellWidth":1,"cellHeight":1,"cellXPos":2,"cellYPos":9,"renderable":{"mShader":{"mCompiledShader":{},"mShaderVertexPositionAttribute":0,"mPixelColor":{},"mModelTransform":{},"mViewProjTransform":{},"mVertexShader":{},"mFragmentShader":{},"mShaderTextureCoordAttribute":1},"mXform":{"mPosition":{"0":-2.5,"1":4.5},"mScale":{"0":1,"1":1},"mRotationInRad":0},"mColor":[1,1,1,0],"mTexture":"assets/bomberman/backyard_1.png","mTextureInfo":{"mName":"assets/bomberman/backyard_1.png","mWidth":64,"mHeight":64,"mGLTexID":{},"mColorArray":null},"mColorArray":null,"mTexWidth":64,"mTexHeight":64,"mTexLeftIndex":0,"mTexBottomIndex":0}}],[{"cellWidth":1,"cellHeight":1,"cellXPos":3,"cellYPos":0,"renderable":{"mShader":{"mCompiledShader":{},"mShaderVertexPositionAttribute":0,"mPixelColor":{},"mModelTransform":{},"mViewProjTransform":{},"mVertexShader":{},"mFragmentShader":{},"mShaderTextureCoordAttribute":1},"mXform":{"mPosition":{"0":-1.5,"1":-4.5},"mScale":{"0":1,"1":1},"mRotationInRad":0},"mColor":[1,1,1,0],"mTexture":"assets/bomberman/backyard_1.png","mTextureInfo":{"mName":"assets/bomberman/backyard_1.png","mWidth":64,"mHeight":64,"mGLTexID":{},"mColorArray":null},"mColorArray":null,"mTexWidth":64,"mTexHeight":64,"mTexLeftIndex":0,"mTexBottomIndex":0}},{"cellWidth":1,"cellHeight":1,"cellXPos":3,"cellYPos":1,"renderable":{"mShader":{"mCompiledShader":{},"mShaderVertexPositionAttribute":0,"mPixelColor":{},"mModelTransform":{},"mViewProjTransform":{},"mVertexShader":{},"mFragmentShader":{},"mShaderTextureCoordAttribute":1},"mXform":{"mPosition":{"0":-1.5,"1":-3.5},"mScale":{"0":1,"1":1},"mRotationInRad":0},"mColor":[1,1,1,0],"mTexture":"assets/bomberman/backyard_49.png","mTextureInfo":{"mName":"assets/bomberman/backyard_49.png","mWidth":64,"mHeight":64,"mGLTexID":{},"mColorArray":null},"mColorArray":null,"mTexWidth":64,"mTexHeight":64,"mTexLeftIndex":0,"mTexBottomIndex":0}},{"cellWidth":1,"cellHeight":1,"cellXPos":3,"cellYPos":2,"renderable":{"mShader":{"mCompiledShader":{},"mShaderVertexPositionAttribute":0,"mPixelColor":{},"mModelTransform":{},"mViewProjTransform":{},"mVertexShader":{},"mFragmentShader":{},"mShaderTextureCoordAttribute":1},"mXform":{"mPosition":{"0":-1.5,"1":-2.5},"mScale":{"0":1,"1":1},"mRotationInRad":0},"mColor":[1,1,1,0],"mTexture":"assets/bomberman/backyard_54.png","mTextureInfo":{"mName":"assets/bomberman/backyard_54.png","mWidth":64,"mHeight":64,"mGLTexID":{},"mColorArray":null},"mColorArray":null,"mTexWidth":64,"mTexHeight":64,"mTexLeftIndex":0,"mTexBottomIndex":0}},{"cellWidth":1,"cellHeight":1,"cellXPos":3,"cellYPos":3,"renderable":{"mShader":{"mCompiledShader":{},"mShaderVertexPositionAttribute":0,"mPixelColor":{},"mModelTransform":{},"mViewProjTransform":{},"mVertexShader":{},"mFragmentShader":{},"mShaderTextureCoordAttribute":1},"mXform":{"mPosition":{"0":-1.5,"1":-1.5},"mScale":{"0":1,"1":1},"mRotationInRad":0},"mColor":[1,1,1,0],"mTexture":"assets/bomberman/backyard_54.png","mTextureInfo":{"mName":"assets/bomberman/backyard_54.png","mWidth":64,"mHeight":64,"mGLTexID":{},"mColorArray":null},"mColorArray":null,"mTexWidth":64,"mTexHeight":64,"mTexLeftIndex":0,"mTexBottomIndex":0}},{"cellWidth":1,"cellHeight":1,"cellXPos":3,"cellYPos":4,"renderable":{"mShader":{"mCompiledShader":{},"mShaderVertexPositionAttribute":0,"mPixelColor":{},"mModelTransform":{},"mViewProjTransform":{},"mVertexShader":{},"mFragmentShader":{},"mShaderTextureCoordAttribute":1},"mXform":{"mPosition":{"0":-1.5,"1":-0.5},"mScale":{"0":1,"1":1},"mRotationInRad":0},"mColor":[1,1,1,0],"mTexture":"assets/bomberman/backyard_54.png","mTextureInfo":{"mName":"assets/bomberman/backyard_54.png","mWidth":64,"mHeight":64,"mGLTexID":{},"mColorArray":null},"mColorArray":null,"mTexWidth":64,"mTexHeight":64,"mTexLeftIndex":0,"mTexBottomIndex":0}},{"cellWidth":1,"cellHeight":1,"cellXPos":3,"cellYPos":5,"renderable":{"mShader":{"mCompiledShader":{},"mShaderVertexPositionAttribute":0,"mPixelColor":{},"mModelTransform":{},"mViewProjTransform":{},"mVertexShader":{},"mFragmentShader":{},"mShaderTextureCoordAttribute":1},"mXform":{"mPosition":{"0":-1.5,"1":0.5},"mScale":{"0":1,"1":1},"mRotationInRad":0},"mColor":[1,1,1,0],"mTexture":"assets/bomberman/backyard_54.png","mTextureInfo":{"mName":"assets/bomberman/backyard_54.png","mWidth":64,"mHeight":64,"mGLTexID":{},"mColorArray":null},"mColorArray":null,"mTexWidth":64,"mTexHeight":64,"mTexLeftIndex":0,"mTexBottomIndex":0}},{"cellWidth":1,"cellHeight":1,"cellXPos":3,"cellYPos":6,"renderable":{"mShader":{"mCompiledShader":{},"mShaderVertexPositionAttribute":0,"mPixelColor":{},"mModelTransform":{},"mViewProjTransform":{},"mVertexShader":{},"mFragmentShader":{},"mShaderTextureCoordAttribute":1},"mXform":{"mPosition":{"0":-1.5,"1":1.5},"mScale":{"0":1,"1":1},"mRotationInRad":0},"mColor":[1,1,1,0],"mTexture":"assets/bomberman/backyard_54.png","mTextureInfo":{"mName":"assets/bomberman/backyard_54.png","mWidth":64,"mHeight":64,"mGLTexID":{},"mColorArray":null},"mColorArray":null,"mTexWidth":64,"mTexHeight":64,"mTexLeftIndex":0,"mTexBottomIndex":0}},{"cellWidth":1,"cellHeight":1,"cellXPos":3,"cellYPos":7,"renderable":{"mShader":{"mCompiledShader":{},"mShaderVertexPositionAttribute":0,"mPixelColor":{},"mModelTransform":{},"mViewProjTransform":{},"mVertexShader":{},"mFragmentShader":{},"mShaderTextureCoordAttribute":1},"mXform":{"mPosition":{"0":-1.5,"1":2.5},"mScale":{"0":1,"1":1},"mRotationInRad":0},"mColor":[1,1,1,0],"mTexture":"assets/bomberman/backyard_54.png","mTextureInfo":{"mName":"assets/bomberman/backyard_54.png","mWidth":64,"mHeight":64,"mGLTexID":{},"mColorArray":null},"mColorArray":null,"mTexWidth":64,"mTexHeight":64,"mTexLeftIndex":0,"mTexBottomIndex":0}},{"cellWidth":1,"cellHeight":1,"cellXPos":3,"cellYPos":8,"renderable":{"mShader":{"mCompiledShader":{},"mShaderVertexPositionAttribute":0,"mPixelColor":{},"mModelTransform":{},"mViewProjTransform":{},"mVertexShader":{},"mFragmentShader":{},"mShaderTextureCoordAttribute":1},"mXform":{"mPosition":{"0":-1.5,"1":3.5},"mScale":{"0":1,"1":1},"mRotationInRad":0},"mColor":[1,1,1,0],"mTexture":"assets/bomberman/backyard_49.png","mTextureInfo":{"mName":"assets/bomberman/backyard_49.png","mWidth":64,"mHeight":64,"mGLTexID":{},"mColorArray":null},"mColorArray":null,"mTexWidth":64,"mTexHeight":64,"mTexLeftIndex":0,"mTexBottomIndex":0}},{"cellWidth":1,"cellHeight":1,"cellXPos":3,"cellYPos":9,"renderable":{"mShader":{"mCompiledShader":{},"mShaderVertexPositionAttribute":0,"mPixelColor":{},"mModelTransform":{},"mViewProjTransform":{},"mVertexShader":{},"mFragmentShader":{},"mShaderTextureCoordAttribute":1},"mXform":{"mPosition":{"0":-1.5,"1":4.5},"mScale":{"0":1,"1":1},"mRotationInRad":0},"mColor":[1,1,1,0],"mTexture":"assets/bomberman/backyard_1.png","mTextureInfo":{"mName":"assets/bomberman/backyard_1.png","mWidth":64,"mHeight":64,"mGLTexID":{},"mColorArray":null},"mColorArray":null,"mTexWidth":64,"mTexHeight":64,"mTexLeftIndex":0,"mTexBottomIndex":0}}],[{"cellWidth":1,"cellHeight":1,"cellXPos":4,"cellYPos":0,"renderable":{"mShader":{"mCompiledShader":{},"mShaderVertexPositionAttribute":0,"mPixelColor":{},"mModelTransform":{},"mViewProjTransform":{},"mVertexShader":{},"mFragmentShader":{},"mShaderTextureCoordAttribute":1},"mXform":{"mPosition":{"0":-0.5,"1":-4.5},"mScale":{"0":1,"1":1},"mRotationInRad":0},"mColor":[1,1,1,0],"mTexture":"assets/bomberman/backyard_1.png","mTextureInfo":{"mName":"assets/bomberman/backyard_1.png","mWidth":64,"mHeight":64,"mGLTexID":{},"mColorArray":null},"mColorArray":null,"mTexWidth":64,"mTexHeight":64,"mTexLeftIndex":0,"mTexBottomIndex":0}},{"cellWidth":1,"cellHeight":1,"cellXPos":4,"cellYPos":1,"renderable":{"mShader":{"mCompiledShader":{},"mShaderVertexPositionAttribute":0,"mPixelColor":{},"mModelTransform":{},"mViewProjTransform":{},"mVertexShader":{},"mFragmentShader":{},"mShaderTextureCoordAttribute":1},"mXform":{"mPosition":{"0":-0.5,"1":-3.5},"mScale":{"0":1,"1":1},"mRotationInRad":0},"mColor":[1,1,1,0],"mTexture":"assets/bomberman/backyard_49.png","mTextureInfo":{"mName":"assets/bomberman/backyard_49.png","mWidth":64,"mHeight":64,"mGLTexID":{},"mColorArray":null},"mColorArray":null,"mTexWidth":64,"mTexHeight":64,"mTexLeftIndex":0,"mTexBottomIndex":0}},{"cellWidth":1,"cellHeight":1,"cellXPos":4,"cellYPos":2,"renderable":{"mShader":{"mCompiledShader":{},"mShaderVertexPositionAttribute":0,"mPixelColor":{},"mModelTransform":{},"mViewProjTransform":{},"mVertexShader":{},"mFragmentShader":{},"mShaderTextureCoordAttribute":1},"mXform":{"mPosition":{"0":-0.5,"1":-2.5},"mScale":{"0":1,"1":1},"mRotationInRad":0},"mColor":[1,1,1,0],"mTexture":"assets/bomberman/backyard_54.png","mTextureInfo":{"mName":"assets/bomberman/backyard_54.png","mWidth":64,"mHeight":64,"mGLTexID":{},"mColorArray":null},"mColorArray":null,"mTexWidth":64,"mTexHeight":64,"mTexLeftIndex":0,"mTexBottomIndex":0}},{"cellWidth":1,"cellHeight":1,"cellXPos":4,"cellYPos":3,"renderable":{"mShader":{"mCompiledShader":{},"mShaderVertexPositionAttribute":0,"mPixelColor":{},"mModelTransform":{},"mViewProjTransform":{},"mVertexShader":{},"mFragmentShader":{},"mShaderTextureCoordAttribute":1},"mXform":{"mPosition":{"0":-0.5,"1":-1.5},"mScale":{"0":1,"1":1},"mRotationInRad":0},"mColor":[1,1,1,0],"mTexture":"assets/bomberman/backyard_54.png","mTextureInfo":{"mName":"assets/bomberman/backyard_54.png","mWidth":64,"mHeight":64,"mGLTexID":{},"mColorArray":null},"mColorArray":null,"mTexWidth":64,"mTexHeight":64,"mTexLeftIndex":0,"mTexBottomIndex":0}},{"cellWidth":1,"cellHeight":1,"cellXPos":4,"cellYPos":4,"renderable":{"mShader":{"mCompiledShader":{},"mShaderVertexPositionAttribute":0,"mPixelColor":{},"mModelTransform":{},"mViewProjTransform":{},"mVertexShader":{},"mFragmentShader":{},"mShaderTextureCoordAttribute":1},"mXform":{"mPosition":{"0":-0.5,"1":-0.5},"mScale":{"0":1,"1":1},"mRotationInRad":0},"mColor":[1,1,1,0],"mTexture":"assets/bomberman/backyard_58.png","mTextureInfo":{"mName":"assets/bomberman/backyard_58.png","mWidth":64,"mHeight":64,"mGLTexID":{},"mColorArray":null},"mColorArray":null,"mTexWidth":64,"mTexHeight":64,"mTexLeftIndex":0,"mTexBottomIndex":0}},{"cellWidth":1,"cellHeight":1,"cellXPos":4,"cellYPos":5,"renderable":{"mShader":{"mCompiledShader":{},"mShaderVertexPositionAttribute":0,"mPixelColor":{},"mModelTransform":{},"mViewProjTransform":{},"mVertexShader":{},"mFragmentShader":{},"mShaderTextureCoordAttribute":1},"mXform":{"mPosition":{"0":-0.5,"1":0.5},"mScale":{"0":1,"1":1},"mRotationInRad":0},"mColor":[1,1,1,0],"mTexture":"assets/bomberman/backyard_58.png","mTextureInfo":{"mName":"assets/bomberman/backyard_58.png","mWidth":64,"mHeight":64,"mGLTexID":{},"mColorArray":null},"mColorArray":null,"mTexWidth":64,"mTexHeight":64,"mTexLeftIndex":0,"mTexBottomIndex":0}},{"cellWidth":1,"cellHeight":1,"cellXPos":4,"cellYPos":6,"renderable":{"mShader":{"mCompiledShader":{},"mShaderVertexPositionAttribute":0,"mPixelColor":{},"mModelTransform":{},"mViewProjTransform":{},"mVertexShader":{},"mFragmentShader":{},"mShaderTextureCoordAttribute":1},"mXform":{"mPosition":{"0":-0.5,"1":1.5},"mScale":{"0":1,"1":1},"mRotationInRad":0},"mColor":[1,1,1,0],"mTexture":"assets/bomberman/backyard_54.png","mTextureInfo":{"mName":"assets/bomberman/backyard_54.png","mWidth":64,"mHeight":64,"mGLTexID":{},"mColorArray":null},"mColorArray":null,"mTexWidth":64,"mTexHeight":64,"mTexLeftIndex":0,"mTexBottomIndex":0}},{"cellWidth":1,"cellHeight":1,"cellXPos":4,"cellYPos":7,"renderable":{"mShader":{"mCompiledShader":{},"mShaderVertexPositionAttribute":0,"mPixelColor":{},"mModelTransform":{},"mViewProjTransform":{},"mVertexShader":{},"mFragmentShader":{},"mShaderTextureCoordAttribute":1},"mXform":{"mPosition":{"0":-0.5,"1":2.5},"mScale":{"0":1,"1":1},"mRotationInRad":0},"mColor":[1,1,1,0],"mTexture":"assets/bomberman/backyard_54.png","mTextureInfo":{"mName":"assets/bomberman/backyard_54.png","mWidth":64,"mHeight":64,"mGLTexID":{},"mColorArray":null},"mColorArray":null,"mTexWidth":64,"mTexHeight":64,"mTexLeftIndex":0,"mTexBottomIndex":0}},{"cellWidth":1,"cellHeight":1,"cellXPos":4,"cellYPos":8,"renderable":{"mShader":{"mCompiledShader":{},"mShaderVertexPositionAttribute":0,"mPixelColor":{},"mModelTransform":{},"mViewProjTransform":{},"mVertexShader":{},"mFragmentShader":{},"mShaderTextureCoordAttribute":1},"mXform":{"mPosition":{"0":-0.5,"1":3.5},"mScale":{"0":1,"1":1},"mRotationInRad":0},"mColor":[1,1,1,0],"mTexture":"assets/bomberman/backyard_49.png","mTextureInfo":{"mName":"assets/bomberman/backyard_49.png","mWidth":64,"mHeight":64,"mGLTexID":{},"mColorArray":null},"mColorArray":null,"mTexWidth":64,"mTexHeight":64,"mTexLeftIndex":0,"mTexBottomIndex":0}},{"cellWidth":1,"cellHeight":1,"cellXPos":4,"cellYPos":9,"renderable":{"mShader":{"mCompiledShader":{},"mShaderVertexPositionAttribute":0,"mPixelColor":{},"mModelTransform":{},"mViewProjTransform":{},"mVertexShader":{},"mFragmentShader":{},"mShaderTextureCoordAttribute":1},"mXform":{"mPosition":{"0":-0.5,"1":4.5},"mScale":{"0":1,"1":1},"mRotationInRad":0},"mColor":[1,1,1,0],"mTexture":"assets/bomberman/backyard_1.png","mTextureInfo":{"mName":"assets/bomberman/backyard_1.png","mWidth":64,"mHeight":64,"mGLTexID":{},"mColorArray":null},"mColorArray":null,"mTexWidth":64,"mTexHeight":64,"mTexLeftIndex":0,"mTexBottomIndex":0}}],[{"cellWidth":1,"cellHeight":1,"cellXPos":5,"cellYPos":0,"renderable":{"mShader":{"mCompiledShader":{},"mShaderVertexPositionAttribute":0,"mPixelColor":{},"mModelTransform":{},"mViewProjTransform":{},"mVertexShader":{},"mFragmentShader":{},"mShaderTextureCoordAttribute":1},"mXform":{"mPosition":{"0":0.5,"1":-4.5},"mScale":{"0":1,"1":1},"mRotationInRad":0},"mColor":[1,1,1,0],"mTexture":"assets/bomberman/backyard_1.png","mTextureInfo":{"mName":"assets/bomberman/backyard_1.png","mWidth":64,"mHeight":64,"mGLTexID":{},"mColorArray":null},"mColorArray":null,"mTexWidth":64,"mTexHeight":64,"mTexLeftIndex":0,"mTexBottomIndex":0}},{"cellWidth":1,"cellHeight":1,"cellXPos":5,"cellYPos":1,"renderable":{"mShader":{"mCompiledShader":{},"mShaderVertexPositionAttribute":0,"mPixelColor":{},"mModelTransform":{},"mViewProjTransform":{},"mVertexShader":{},"mFragmentShader":{},"mShaderTextureCoordAttribute":1},"mXform":{"mPosition":{"0":0.5,"1":-3.5},"mScale":{"0":1,"1":1},"mRotationInRad":0},"mColor":[1,1,1,0],"mTexture":"assets/bomberman/backyard_49.png","mTextureInfo":{"mName":"assets/bomberman/backyard_49.png","mWidth":64,"mHeight":64,"mGLTexID":{},"mColorArray":null},"mColorArray":null,"mTexWidth":64,"mTexHeight":64,"mTexLeftIndex":0,"mTexBottomIndex":0}},{"cellWidth":1,"cellHeight":1,"cellXPos":5,"cellYPos":2,"renderable":{"mShader":{"mCompiledShader":{},"mShaderVertexPositionAttribute":0,"mPixelColor":{},"mModelTransform":{},"mViewProjTransform":{},"mVertexShader":{},"mFragmentShader":{},"mShaderTextureCoordAttribute":1},"mXform":{"mPosition":{"0":0.5,"1":-2.5},"mScale":{"0":1,"1":1},"mRotationInRad":0},"mColor":[1,1,1,0],"mTexture":"assets/bomberman/backyard_54.png","mTextureInfo":{"mName":"assets/bomberman/backyard_54.png","mWidth":64,"mHeight":64,"mGLTexID":{},"mColorArray":null},"mColorArray":null,"mTexWidth":64,"mTexHeight":64,"mTexLeftIndex":0,"mTexBottomIndex":0}},{"cellWidth":1,"cellHeight":1,"cellXPos":5,"cellYPos":3,"renderable":{"mShader":{"mCompiledShader":{},"mShaderVertexPositionAttribute":0,"mPixelColor":{},"mModelTransform":{},"mViewProjTransform":{},"mVertexShader":{},"mFragmentShader":{},"mShaderTextureCoordAttribute":1},"mXform":{"mPosition":{"0":0.5,"1":-1.5},"mScale":{"0":1,"1":1},"mRotationInRad":0},"mColor":[1,1,1,0],"mTexture":"assets/bomberman/backyard_54.png","mTextureInfo":{"mName":"assets/bomberman/backyard_54.png","mWidth":64,"mHeight":64,"mGLTexID":{},"mColorArray":null},"mColorArray":null,"mTexWidth":64,"mTexHeight":64,"mTexLeftIndex":0,"mTexBottomIndex":0}},{"cellWidth":1,"cellHeight":1,"cellXPos":5,"cellYPos":4,"renderable":{"mShader":{"mCompiledShader":{},"mShaderVertexPositionAttribute":0,"mPixelColor":{},"mModelTransform":{},"mViewProjTransform":{},"mVertexShader":{},"mFragmentShader":{},"mShaderTextureCoordAttribute":1},"mXform":{"mPosition":{"0":0.5,"1":-0.5},"mScale":{"0":1,"1":1},"mRotationInRad":0},"mColor":[1,1,1,0],"mTexture":"assets/bomberman/backyard_58.png","mTextureInfo":{"mName":"assets/bomberman/backyard_58.png","mWidth":64,"mHeight":64,"mGLTexID":{},"mColorArray":null},"mColorArray":null,"mTexWidth":64,"mTexHeight":64,"mTexLeftIndex":0,"mTexBottomIndex":0}},{"cellWidth":1,"cellHeight":1,"cellXPos":5,"cellYPos":5,"renderable":{"mShader":{"mCompiledShader":{},"mShaderVertexPositionAttribute":0,"mPixelColor":{},"mModelTransform":{},"mViewProjTransform":{},"mVertexShader":{},"mFragmentShader":{},"mShaderTextureCoordAttribute":1},"mXform":{"mPosition":{"0":0.5,"1":0.5},"mScale":{"0":1,"1":1},"mRotationInRad":0},"mColor":[1,1,1,0],"mTexture":"assets/bomberman/backyard_58.png","mTextureInfo":{"mName":"assets/bomberman/backyard_58.png","mWidth":64,"mHeight":64,"mGLTexID":{},"mColorArray":null},"mColorArray":null,"mTexWidth":64,"mTexHeight":64,"mTexLeftIndex":0,"mTexBottomIndex":0}},{"cellWidth":1,"cellHeight":1,"cellXPos":5,"cellYPos":6,"renderable":{"mShader":{"mCompiledShader":{},"mShaderVertexPositionAttribute":0,"mPixelColor":{},"mModelTransform":{},"mViewProjTransform":{},"mVertexShader":{},"mFragmentShader":{},"mShaderTextureCoordAttribute":1},"mXform":{"mPosition":{"0":0.5,"1":1.5},"mScale":{"0":1,"1":1},"mRotationInRad":0},"mColor":[1,1,1,0],"mTexture":"assets/bomberman/backyard_54.png","mTextureInfo":{"mName":"assets/bomberman/backyard_54.png","mWidth":64,"mHeight":64,"mGLTexID":{},"mColorArray":null},"mColorArray":null,"mTexWidth":64,"mTexHeight":64,"mTexLeftIndex":0,"mTexBottomIndex":0}},{"cellWidth":1,"cellHeight":1,"cellXPos":5,"cellYPos":7,"renderable":{"mShader":{"mCompiledShader":{},"mShaderVertexPositionAttribute":0,"mPixelColor":{},"mModelTransform":{},"mViewProjTransform":{},"mVertexShader":{},"mFragmentShader":{},"mShaderTextureCoordAttribute":1},"mXform":{"mPosition":{"0":0.5,"1":2.5},"mScale":{"0":1,"1":1},"mRotationInRad":0},"mColor":[1,1,1,0],"mTexture":"assets/bomberman/backyard_54.png","mTextureInfo":{"mName":"assets/bomberman/backyard_54.png","mWidth":64,"mHeight":64,"mGLTexID":{},"mColorArray":null},"mColorArray":null,"mTexWidth":64,"mTexHeight":64,"mTexLeftIndex":0,"mTexBottomIndex":0}},{"cellWidth":1,"cellHeight":1,"cellXPos":5,"cellYPos":8,"renderable":{"mShader":{"mCompiledShader":{},"mShaderVertexPositionAttribute":0,"mPixelColor":{},"mModelTransform":{},"mViewProjTransform":{},"mVertexShader":{},"mFragmentShader":{},"mShaderTextureCoordAttribute":1},"mXform":{"mPosition":{"0":0.5,"1":3.5},"mScale":{"0":1,"1":1},"mRotationInRad":0},"mColor":[1,1,1,0],"mTexture":"assets/bomberman/backyard_49.png","mTextureInfo":{"mName":"assets/bomberman/backyard_49.png","mWidth":64,"mHeight":64,"mGLTexID":{},"mColorArray":null},"mColorArray":null,"mTexWidth":64,"mTexHeight":64,"mTexLeftIndex":0,"mTexBottomIndex":0}},{"cellWidth":1,"cellHeight":1,"cellXPos":5,"cellYPos":9,"renderable":{"mShader":{"mCompiledShader":{},"mShaderVertexPositionAttribute":0,"mPixelColor":{},"mModelTransform":{},"mViewProjTransform":{},"mVertexShader":{},"mFragmentShader":{},"mShaderTextureCoordAttribute":1},"mXform":{"mPosition":{"0":0.5,"1":4.5},"mScale":{"0":1,"1":1},"mRotationInRad":0},"mColor":[1,1,1,0],"mTexture":"assets/bomberman/backyard_1.png","mTextureInfo":{"mName":"assets/bomberman/backyard_1.png","mWidth":64,"mHeight":64,"mGLTexID":{},"mColorArray":null},"mColorArray":null,"mTexWidth":64,"mTexHeight":64,"mTexLeftIndex":0,"mTexBottomIndex":0}}],[{"cellWidth":1,"cellHeight":1,"cellXPos":6,"cellYPos":0,"renderable":{"mShader":{"mCompiledShader":{},"mShaderVertexPositionAttribute":0,"mPixelColor":{},"mModelTransform":{},"mViewProjTransform":{},"mVertexShader":{},"mFragmentShader":{},"mShaderTextureCoordAttribute":1},"mXform":{"mPosition":{"0":1.5,"1":-4.5},"mScale":{"0":1,"1":1},"mRotationInRad":0},"mColor":[1,1,1,0],"mTexture":"assets/bomberman/backyard_1.png","mTextureInfo":{"mName":"assets/bomberman/backyard_1.png","mWidth":64,"mHeight":64,"mGLTexID":{},"mColorArray":null},"mColorArray":null,"mTexWidth":64,"mTexHeight":64,"mTexLeftIndex":0,"mTexBottomIndex":0}},{"cellWidth":1,"cellHeight":1,"cellXPos":6,"cellYPos":1,"renderable":{"mShader":{"mCompiledShader":{},"mShaderVertexPositionAttribute":0,"mPixelColor":{},"mModelTransform":{},"mViewProjTransform":{},"mVertexShader":{},"mFragmentShader":{},"mShaderTextureCoordAttribute":1},"mXform":{"mPosition":{"0":1.5,"1":-3.5},"mScale":{"0":1,"1":1},"mRotationInRad":0},"mColor":[1,1,1,0],"mTexture":"assets/bomberman/backyard_49.png","mTextureInfo":{"mName":"assets/bomberman/backyard_49.png","mWidth":64,"mHeight":64,"mGLTexID":{},"mColorArray":null},"mColorArray":null,"mTexWidth":64,"mTexHeight":64,"mTexLeftIndex":0,"mTexBottomIndex":0}},{"cellWidth":1,"cellHeight":1,"cellXPos":6,"cellYPos":2,"renderable":{"mShader":{"mCompiledShader":{},"mShaderVertexPositionAttribute":0,"mPixelColor":{},"mModelTransform":{},"mViewProjTransform":{},"mVertexShader":{},"mFragmentShader":{},"mShaderTextureCoordAttribute":1},"mXform":{"mPosition":{"0":1.5,"1":-2.5},"mScale":{"0":1,"1":1},"mRotationInRad":0},"mColor":[1,1,1,0],"mTexture":"assets/bomberman/backyard_54.png","mTextureInfo":{"mName":"assets/bomberman/backyard_54.png","mWidth":64,"mHeight":64,"mGLTexID":{},"mColorArray":null},"mColorArray":null,"mTexWidth":64,"mTexHeight":64,"mTexLeftIndex":0,"mTexBottomIndex":0}},{"cellWidth":1,"cellHeight":1,"cellXPos":6,"cellYPos":3,"renderable":{"mShader":{"mCompiledShader":{},"mShaderVertexPositionAttribute":0,"mPixelColor":{},"mModelTransform":{},"mViewProjTransform":{},"mVertexShader":{},"mFragmentShader":{},"mShaderTextureCoordAttribute":1},"mXform":{"mPosition":{"0":1.5,"1":-1.5},"mScale":{"0":1,"1":1},"mRotationInRad":0},"mColor":[1,1,1,0],"mTexture":"assets/bomberman/backyard_54.png","mTextureInfo":{"mName":"assets/bomberman/backyard_54.png","mWidth":64,"mHeight":64,"mGLTexID":{},"mColorArray":null},"mColorArray":null,"mTexWidth":64,"mTexHeight":64,"mTexLeftIndex":0,"mTexBottomIndex":0}},{"cellWidth":1,"cellHeight":1,"cellXPos":6,"cellYPos":4,"renderable":{"mShader":{"mCompiledShader":{},"mShaderVertexPositionAttribute":0,"mPixelColor":{},"mModelTransform":{},"mViewProjTransform":{},"mVertexShader":{},"mFragmentShader":{},"mShaderTextureCoordAttribute":1},"mXform":{"mPosition":{"0":1.5,"1":-0.5},"mScale":{"0":1,"1":1},"mRotationInRad":0},"mColor":[1,1,1,0],"mTexture":"assets/bomberman/backyard_54.png","mTextureInfo":{"mName":"assets/bomberman/backyard_54.png","mWidth":64,"mHeight":64,"mGLTexID":{},"mColorArray":null},"mColorArray":null,"mTexWidth":64,"mTexHeight":64,"mTexLeftIndex":0,"mTexBottomIndex":0}},{"cellWidth":1,"cellHeight":1,"cellXPos":6,"cellYPos":5,"renderable":{"mShader":{"mCompiledShader":{},"mShaderVertexPositionAttribute":0,"mPixelColor":{},"mModelTransform":{},"mViewProjTransform":{},"mVertexShader":{},"mFragmentShader":{},"mShaderTextureCoordAttribute":1},"mXform":{"mPosition":{"0":1.5,"1":0.5},"mScale":{"0":1,"1":1},"mRotationInRad":0},"mColor":[1,1,1,0],"mTexture":"assets/bomberman/backyard_54.png","mTextureInfo":{"mName":"assets/bomberman/backyard_54.png","mWidth":64,"mHeight":64,"mGLTexID":{},"mColorArray":null},"mColorArray":null,"mTexWidth":64,"mTexHeight":64,"mTexLeftIndex":0,"mTexBottomIndex":0}},{"cellWidth":1,"cellHeight":1,"cellXPos":6,"cellYPos":6,"renderable":{"mShader":{"mCompiledShader":{},"mShaderVertexPositionAttribute":0,"mPixelColor":{},"mModelTransform":{},"mViewProjTransform":{},"mVertexShader":{},"mFragmentShader":{},"mShaderTextureCoordAttribute":1},"mXform":{"mPosition":{"0":1.5,"1":1.5},"mScale":{"0":1,"1":1},"mRotationInRad":0},"mColor":[1,1,1,0],"mTexture":"assets/bomberman/backyard_54.png","mTextureInfo":{"mName":"assets/bomberman/backyard_54.png","mWidth":64,"mHeight":64,"mGLTexID":{},"mColorArray":null},"mColorArray":null,"mTexWidth":64,"mTexHeight":64,"mTexLeftIndex":0,"mTexBottomIndex":0}},{"cellWidth":1,"cellHeight":1,"cellXPos":6,"cellYPos":7,"renderable":{"mShader":{"mCompiledShader":{},"mShaderVertexPositionAttribute":0,"mPixelColor":{},"mModelTransform":{},"mViewProjTransform":{},"mVertexShader":{},"mFragmentShader":{},"mShaderTextureCoordAttribute":1},"mXform":{"mPosition":{"0":1.5,"1":2.5},"mScale":{"0":1,"1":1},"mRotationInRad":0},"mColor":[1,1,1,0],"mTexture":"assets/bomberman/backyard_54.png","mTextureInfo":{"mName":"assets/bomberman/backyard_54.png","mWidth":64,"mHeight":64,"mGLTexID":{},"mColorArray":null},"mColorArray":null,"mTexWidth":64,"mTexHeight":64,"mTexLeftIndex":0,"mTexBottomIndex":0}},{"cellWidth":1,"cellHeight":1,"cellXPos":6,"cellYPos":8,"renderable":{"mShader":{"mCompiledShader":{},"mShaderVertexPositionAttribute":0,"mPixelColor":{},"mModelTransform":{},"mViewProjTransform":{},"mVertexShader":{},"mFragmentShader":{},"mShaderTextureCoordAttribute":1},"mXform":{"mPosition":{"0":1.5,"1":3.5},"mScale":{"0":1,"1":1},"mRotationInRad":0},"mColor":[1,1,1,0],"mTexture":"assets/bomberman/backyard_49.png","mTextureInfo":{"mName":"assets/bomberman/backyard_49.png","mWidth":64,"mHeight":64,"mGLTexID":{},"mColorArray":null},"mColorArray":null,"mTexWidth":64,"mTexHeight":64,"mTexLeftIndex":0,"mTexBottomIndex":0}},{"cellWidth":1,"cellHeight":1,"cellXPos":6,"cellYPos":9,"renderable":{"mShader":{"mCompiledShader":{},"mShaderVertexPositionAttribute":0,"mPixelColor":{},"mModelTransform":{},"mViewProjTransform":{},"mVertexShader":{},"mFragmentShader":{},"mShaderTextureCoordAttribute":1},"mXform":{"mPosition":{"0":1.5,"1":4.5},"mScale":{"0":1,"1":1},"mRotationInRad":0},"mColor":[1,1,1,0],"mTexture":"assets/bomberman/backyard_1.png","mTextureInfo":{"mName":"assets/bomberman/backyard_1.png","mWidth":64,"mHeight":64,"mGLTexID":{},"mColorArray":null},"mColorArray":null,"mTexWidth":64,"mTexHeight":64,"mTexLeftIndex":0,"mTexBottomIndex":0}}],[{"cellWidth":1,"cellHeight":1,"cellXPos":7,"cellYPos":0,"renderable":{"mShader":{"mCompiledShader":{},"mShaderVertexPositionAttribute":0,"mPixelColor":{},"mModelTransform":{},"mViewProjTransform":{},"mVertexShader":{},"mFragmentShader":{},"mShaderTextureCoordAttribute":1},"mXform":{"mPosition":{"0":2.5,"1":-4.5},"mScale":{"0":1,"1":1},"mRotationInRad":0},"mColor":[1,1,1,0],"mTexture":"assets/bomberman/backyard_1.png","mTextureInfo":{"mName":"assets/bomberman/backyard_1.png","mWidth":64,"mHeight":64,"mGLTexID":{},"mColorArray":null},"mColorArray":null,"mTexWidth":64,"mTexHeight":64,"mTexLeftIndex":0,"mTexBottomIndex":0}},{"cellWidth":1,"cellHeight":1,"cellXPos":7,"cellYPos":1,"renderable":{"mShader":{"mCompiledShader":{},"mShaderVertexPositionAttribute":0,"mPixelColor":{},"mModelTransform":{},"mViewProjTransform":{},"mVertexShader":{},"mFragmentShader":{},"mShaderTextureCoordAttribute":1},"mXform":{"mPosition":{"0":2.5,"1":-3.5},"mScale":{"0":1,"1":1},"mRotationInRad":0},"mColor":[1,1,1,0],"mTexture":"assets/bomberman/backyard_49.png","mTextureInfo":{"mName":"assets/bomberman/backyard_49.png","mWidth":64,"mHeight":64,"mGLTexID":{},"mColorArray":null},"mColorArray":null,"mTexWidth":64,"mTexHeight":64,"mTexLeftIndex":0,"mTexBottomIndex":0}},{"cellWidth":1,"cellHeight":1,"cellXPos":7,"cellYPos":2,"renderable":{"mShader":{"mCompiledShader":{},"mShaderVertexPositionAttribute":0,"mPixelColor":{},"mModelTransform":{},"mViewProjTransform":{},"mVertexShader":{},"mFragmentShader":{},"mShaderTextureCoordAttribute":1},"mXform":{"mPosition":{"0":2.5,"1":-2.5},"mScale":{"0":1,"1":1},"mRotationInRad":0},"mColor":[1,1,1,0],"mTexture":"assets/bomberman/backyard_54.png","mTextureInfo":{"mName":"assets/bomberman/backyard_54.png","mWidth":64,"mHeight":64,"mGLTexID":{},"mColorArray":null},"mColorArray":null,"mTexWidth":64,"mTexHeight":64,"mTexLeftIndex":0,"mTexBottomIndex":0}},{"cellWidth":1,"cellHeight":1,"cellXPos":7,"cellYPos":3,"renderable":{"mShader":{"mCompiledShader":{},"mShaderVertexPositionAttribute":0,"mPixelColor":{},"mModelTransform":{},"mViewProjTransform":{},"mVertexShader":{},"mFragmentShader":{},"mShaderTextureCoordAttribute":1},"mXform":{"mPosition":{"0":2.5,"1":-1.5},"mScale":{"0":1,"1":1},"mRotationInRad":0},"mColor":[1,1,1,0],"mTexture":"assets/bomberman/backyard_54.png","mTextureInfo":{"mName":"assets/bomberman/backyard_54.png","mWidth":64,"mHeight":64,"mGLTexID":{},"mColorArray":null},"mColorArray":null,"mTexWidth":64,"mTexHeight":64,"mTexLeftIndex":0,"mTexBottomIndex":0}},{"cellWidth":1,"cellHeight":1,"cellXPos":7,"cellYPos":4,"renderable":{"mShader":{"mCompiledShader":{},"mShaderVertexPositionAttribute":0,"mPixelColor":{},"mModelTransform":{},"mViewProjTransform":{},"mVertexShader":{},"mFragmentShader":{},"mShaderTextureCoordAttribute":1},"mXform":{"mPosition":{"0":2.5,"1":-0.5},"mScale":{"0":1,"1":1},"mRotationInRad":0},"mColor":[1,1,1,0],"mTexture":"assets/bomberman/backyard_54.png","mTextureInfo":{"mName":"assets/bomberman/backyard_54.png","mWidth":64,"mHeight":64,"mGLTexID":{},"mColorArray":null},"mColorArray":null,"mTexWidth":64,"mTexHeight":64,"mTexLeftIndex":0,"mTexBottomIndex":0}},{"cellWidth":1,"cellHeight":1,"cellXPos":7,"cellYPos":5,"renderable":{"mShader":{"mCompiledShader":{},"mShaderVertexPositionAttribute":0,"mPixelColor":{},"mModelTransform":{},"mViewProjTransform":{},"mVertexShader":{},"mFragmentShader":{},"mShaderTextureCoordAttribute":1},"mXform":{"mPosition":{"0":2.5,"1":0.5},"mScale":{"0":1,"1":1},"mRotationInRad":0},"mColor":[1,1,1,0],"mTexture":"assets/bomberman/backyard_54.png","mTextureInfo":{"mName":"assets/bomberman/backyard_54.png","mWidth":64,"mHeight":64,"mGLTexID":{},"mColorArray":null},"mColorArray":null,"mTexWidth":64,"mTexHeight":64,"mTexLeftIndex":0,"mTexBottomIndex":0}},{"cellWidth":1,"cellHeight":1,"cellXPos":7,"cellYPos":6,"renderable":{"mShader":{"mCompiledShader":{},"mShaderVertexPositionAttribute":0,"mPixelColor":{},"mModelTransform":{},"mViewProjTransform":{},"mVertexShader":{},"mFragmentShader":{},"mShaderTextureCoordAttribute":1},"mXform":{"mPosition":{"0":2.5,"1":1.5},"mScale":{"0":1,"1":1},"mRotationInRad":0},"mColor":[1,1,1,0],"mTexture":"assets/bomberman/backyard_54.png","mTextureInfo":{"mName":"assets/bomberman/backyard_54.png","mWidth":64,"mHeight":64,"mGLTexID":{},"mColorArray":null},"mColorArray":null,"mTexWidth":64,"mTexHeight":64,"mTexLeftIndex":0,"mTexBottomIndex":0}},{"cellWidth":1,"cellHeight":1,"cellXPos":7,"cellYPos":7,"renderable":{"mShader":{"mCompiledShader":{},"mShaderVertexPositionAttribute":0,"mPixelColor":{},"mModelTransform":{},"mViewProjTransform":{},"mVertexShader":{},"mFragmentShader":{},"mShaderTextureCoordAttribute":1},"mXform":{"mPosition":{"0":2.5,"1":2.5},"mScale":{"0":1,"1":1},"mRotationInRad":0},"mColor":[1,1,1,0],"mTexture":"assets/bomberman/backyard_54.png","mTextureInfo":{"mName":"assets/bomberman/backyard_54.png","mWidth":64,"mHeight":64,"mGLTexID":{},"mColorArray":null},"mColorArray":null,"mTexWidth":64,"mTexHeight":64,"mTexLeftIndex":0,"mTexBottomIndex":0}},{"cellWidth":1,"cellHeight":1,"cellXPos":7,"cellYPos":8,"renderable":{"mShader":{"mCompiledShader":{},"mShaderVertexPositionAttribute":0,"mPixelColor":{},"mModelTransform":{},"mViewProjTransform":{},"mVertexShader":{},"mFragmentShader":{},"mShaderTextureCoordAttribute":1},"mXform":{"mPosition":{"0":2.5,"1":3.5},"mScale":{"0":1,"1":1},"mRotationInRad":0},"mColor":[1,1,1,0],"mTexture":"assets/bomberman/backyard_49.png","mTextureInfo":{"mName":"assets/bomberman/backyard_49.png","mWidth":64,"mHeight":64,"mGLTexID":{},"mColorArray":null},"mColorArray":null,"mTexWidth":64,"mTexHeight":64,"mTexLeftIndex":0,"mTexBottomIndex":0}},{"cellWidth":1,"cellHeight":1,"cellXPos":7,"cellYPos":9,"renderable":{"mShader":{"mCompiledShader":{},"mShaderVertexPositionAttribute":0,"mPixelColor":{},"mModelTransform":{},"mViewProjTransform":{},"mVertexShader":{},"mFragmentShader":{},"mShaderTextureCoordAttribute":1},"mXform":{"mPosition":{"0":2.5,"1":4.5},"mScale":{"0":1,"1":1},"mRotationInRad":0},"mColor":[1,1,1,0],"mTexture":"assets/bomberman/backyard_1.png","mTextureInfo":{"mName":"assets/bomberman/backyard_1.png","mWidth":64,"mHeight":64,"mGLTexID":{},"mColorArray":null},"mColorArray":null,"mTexWidth":64,"mTexHeight":64,"mTexLeftIndex":0,"mTexBottomIndex":0}}],[{"cellWidth":1,"cellHeight":1,"cellXPos":8,"cellYPos":0,"renderable":{"mShader":{"mCompiledShader":{},"mShaderVertexPositionAttribute":0,"mPixelColor":{},"mModelTransform":{},"mViewProjTransform":{},"mVertexShader":{},"mFragmentShader":{},"mShaderTextureCoordAttribute":1},"mXform":{"mPosition":{"0":3.5,"1":-4.5},"mScale":{"0":1,"1":1},"mRotationInRad":0},"mColor":[1,1,1,0],"mTexture":"assets/bomberman/backyard_1.png","mTextureInfo":{"mName":"assets/bomberman/backyard_1.png","mWidth":64,"mHeight":64,"mGLTexID":{},"mColorArray":null},"mColorArray":null,"mTexWidth":64,"mTexHeight":64,"mTexLeftIndex":0,"mTexBottomIndex":0}},{"cellWidth":1,"cellHeight":1,"cellXPos":8,"cellYPos":1,"renderable":{"mShader":{"mCompiledShader":{},"mShaderVertexPositionAttribute":0,"mPixelColor":{},"mModelTransform":{},"mViewProjTransform":{},"mVertexShader":{},"mFragmentShader":{},"mShaderTextureCoordAttribute":1},"mXform":{"mPosition":{"0":3.5,"1":-3.5},"mScale":{"0":1,"1":1},"mRotationInRad":0},"mColor":[1,1,1,0],"mTexture":"assets/bomberman/backyard_49.png","mTextureInfo":{"mName":"assets/bomberman/backyard_49.png","mWidth":64,"mHeight":64,"mGLTexID":{},"mColorArray":null},"mColorArray":null,"mTexWidth":64,"mTexHeight":64,"mTexLeftIndex":0,"mTexBottomIndex":0}},{"cellWidth":1,"cellHeight":1,"cellXPos":8,"cellYPos":2,"renderable":{"mShader":{"mCompiledShader":{},"mShaderVertexPositionAttribute":0,"mPixelColor":{},"mModelTransform":{},"mViewProjTransform":{},"mVertexShader":{},"mFragmentShader":{},"mShaderTextureCoordAttribute":1},"mXform":{"mPosition":{"0":3.5,"1":-2.5},"mScale":{"0":1,"1":1},"mRotationInRad":0},"mColor":[1,1,1,0],"mTexture":"assets/bomberman/backyard_49.png","mTextureInfo":{"mName":"assets/bomberman/backyard_49.png","mWidth":64,"mHeight":64,"mGLTexID":{},"mColorArray":null},"mColorArray":null,"mTexWidth":64,"mTexHeight":64,"mTexLeftIndex":0,"mTexBottomIndex":0}},{"cellWidth":1,"cellHeight":1,"cellXPos":8,"cellYPos":3,"renderable":{"mShader":{"mCompiledShader":{},"mShaderVertexPositionAttribute":0,"mPixelColor":{},"mModelTransform":{},"mViewProjTransform":{},"mVertexShader":{},"mFragmentShader":{},"mShaderTextureCoordAttribute":1},"mXform":{"mPosition":{"0":3.5,"1":-1.5},"mScale":{"0":1,"1":1},"mRotationInRad":0},"mColor":[1,1,1,0],"mTexture":"assets/bomberman/backyard_49.png","mTextureInfo":{"mName":"assets/bomberman/backyard_49.png","mWidth":64,"mHeight":64,"mGLTexID":{},"mColorArray":null},"mColorArray":null,"mTexWidth":64,"mTexHeight":64,"mTexLeftIndex":0,"mTexBottomIndex":0}},{"cellWidth":1,"cellHeight":1,"cellXPos":8,"cellYPos":4,"renderable":{"mShader":{"mCompiledShader":{},"mShaderVertexPositionAttribute":0,"mPixelColor":{},"mModelTransform":{},"mViewProjTransform":{},"mVertexShader":{},"mFragmentShader":{},"mShaderTextureCoordAttribute":1},"mXform":{"mPosition":{"0":3.5,"1":-0.5},"mScale":{"0":1,"1":1},"mRotationInRad":0},"mColor":[1,1,1,0],"mTexture":"assets/bomberman/backyard_49.png","mTextureInfo":{"mName":"assets/bomberman/backyard_49.png","mWidth":64,"mHeight":64,"mGLTexID":{},"mColorArray":null},"mColorArray":null,"mTexWidth":64,"mTexHeight":64,"mTexLeftIndex":0,"mTexBottomIndex":0}},{"cellWidth":1,"cellHeight":1,"cellXPos":8,"cellYPos":5,"renderable":{"mShader":{"mCompiledShader":{},"mShaderVertexPositionAttribute":0,"mPixelColor":{},"mModelTransform":{},"mViewProjTransform":{},"mVertexShader":{},"mFragmentShader":{},"mShaderTextureCoordAttribute":1},"mXform":{"mPosition":{"0":3.5,"1":0.5},"mScale":{"0":1,"1":1},"mRotationInRad":0},"mColor":[1,1,1,0],"mTexture":"assets/bomberman/backyard_49.png","mTextureInfo":{"mName":"assets/bomberman/backyard_49.png","mWidth":64,"mHeight":64,"mGLTexID":{},"mColorArray":null},"mColorArray":null,"mTexWidth":64,"mTexHeight":64,"mTexLeftIndex":0,"mTexBottomIndex":0}},{"cellWidth":1,"cellHeight":1,"cellXPos":8,"cellYPos":6,"renderable":{"mShader":{"mCompiledShader":{},"mShaderVertexPositionAttribute":0,"mPixelColor":{},"mModelTransform":{},"mViewProjTransform":{},"mVertexShader":{},"mFragmentShader":{},"mShaderTextureCoordAttribute":1},"mXform":{"mPosition":{"0":3.5,"1":1.5},"mScale":{"0":1,"1":1},"mRotationInRad":0},"mColor":[1,1,1,0],"mTexture":"assets/bomberman/backyard_49.png","mTextureInfo":{"mName":"assets/bomberman/backyard_49.png","mWidth":64,"mHeight":64,"mGLTexID":{},"mColorArray":null},"mColorArray":null,"mTexWidth":64,"mTexHeight":64,"mTexLeftIndex":0,"mTexBottomIndex":0}},{"cellWidth":1,"cellHeight":1,"cellXPos":8,"cellYPos":7,"renderable":{"mShader":{"mCompiledShader":{},"mShaderVertexPositionAttribute":0,"mPixelColor":{},"mModelTransform":{},"mViewProjTransform":{},"mVertexShader":{},"mFragmentShader":{},"mShaderTextureCoordAttribute":1},"mXform":{"mPosition":{"0":3.5,"1":2.5},"mScale":{"0":1,"1":1},"mRotationInRad":0},"mColor":[1,1,1,0],"mTexture":"assets/bomberman/backyard_49.png","mTextureInfo":{"mName":"assets/bomberman/backyard_49.png","mWidth":64,"mHeight":64,"mGLTexID":{},"mColorArray":null},"mColorArray":null,"mTexWidth":64,"mTexHeight":64,"mTexLeftIndex":0,"mTexBottomIndex":0}},{"cellWidth":1,"cellHeight":1,"cellXPos":8,"cellYPos":8,"renderable":{"mShader":{"mCompiledShader":{},"mShaderVertexPositionAttribute":0,"mPixelColor":{},"mModelTransform":{},"mViewProjTransform":{},"mVertexShader":{},"mFragmentShader":{},"mShaderTextureCoordAttribute":1},"mXform":{"mPosition":{"0":3.5,"1":3.5},"mScale":{"0":1,"1":1},"mRotationInRad":0},"mColor":[1,1,1,0],"mTexture":"assets/bomberman/backyard_49.png","mTextureInfo":{"mName":"assets/bomberman/backyard_49.png","mWidth":64,"mHeight":64,"mGLTexID":{},"mColorArray":null},"mColorArray":null,"mTexWidth":64,"mTexHeight":64,"mTexLeftIndex":0,"mTexBottomIndex":0}},{"cellWidth":1,"cellHeight":1,"cellXPos":8,"cellYPos":9,"renderable":{"mShader":{"mCompiledShader":{},"mShaderVertexPositionAttribute":0,"mPixelColor":{},"mModelTransform":{},"mViewProjTransform":{},"mVertexShader":{},"mFragmentShader":{},"mShaderTextureCoordAttribute":1},"mXform":{"mPosition":{"0":3.5,"1":4.5},"mScale":{"0":1,"1":1},"mRotationInRad":0},"mColor":[1,1,1,0],"mTexture":"assets/bomberman/backyard_1.png","mTextureInfo":{"mName":"assets/bomberman/backyard_1.png","mWidth":64,"mHeight":64,"mGLTexID":{},"mColorArray":null},"mColorArray":null,"mTexWidth":64,"mTexHeight":64,"mTexLeftIndex":0,"mTexBottomIndex":0}}],[{"cellWidth":1,"cellHeight":1,"cellXPos":9,"cellYPos":0,"renderable":{"mShader":{"mCompiledShader":{},"mShaderVertexPositionAttribute":0,"mPixelColor":{},"mModelTransform":{},"mViewProjTransform":{},"mVertexShader":{},"mFragmentShader":{},"mShaderTextureCoordAttribute":1},"mXform":{"mPosition":{"0":4.5,"1":-4.5},"mScale":{"0":1,"1":1},"mRotationInRad":0},"mColor":[1,1,1,0],"mTexture":"assets/bomberman/backyard_1.png","mTextureInfo":{"mName":"assets/bomberman/backyard_1.png","mWidth":64,"mHeight":64,"mGLTexID":{},"mColorArray":null},"mColorArray":null,"mTexWidth":64,"mTexHeight":64,"mTexLeftIndex":0,"mTexBottomIndex":0}},{"cellWidth":1,"cellHeight":1,"cellXPos":9,"cellYPos":1,"renderable":{"mShader":{"mCompiledShader":{},"mShaderVertexPositionAttribute":0,"mPixelColor":{},"mModelTransform":{},"mViewProjTransform":{},"mVertexShader":{},"mFragmentShader":{},"mShaderTextureCoordAttribute":1},"mXform":{"mPosition":{"0":4.5,"1":-3.5},"mScale":{"0":1,"1":1},"mRotationInRad":0},"mColor":[1,1,1,0],"mTexture":"assets/bomberman/backyard_1.png","mTextureInfo":{"mName":"assets/bomberman/backyard_1.png","mWidth":64,"mHeight":64,"mGLTexID":{},"mColorArray":null},"mColorArray":null,"mTexWidth":64,"mTexHeight":64,"mTexLeftIndex":0,"mTexBottomIndex":0}},{"cellWidth":1,"cellHeight":1,"cellXPos":9,"cellYPos":2,"renderable":{"mShader":{"mCompiledShader":{},"mShaderVertexPositionAttribute":0,"mPixelColor":{},"mModelTransform":{},"mViewProjTransform":{},"mVertexShader":{},"mFragmentShader":{},"mShaderTextureCoordAttribute":1},"mXform":{"mPosition":{"0":4.5,"1":-2.5},"mScale":{"0":1,"1":1},"mRotationInRad":0},"mColor":[1,1,1,0],"mTexture":"assets/bomberman/backyard_1.png","mTextureInfo":{"mName":"assets/bomberman/backyard_1.png","mWidth":64,"mHeight":64,"mGLTexID":{},"mColorArray":null},"mColorArray":null,"mTexWidth":64,"mTexHeight":64,"mTexLeftIndex":0,"mTexBottomIndex":0}},{"cellWidth":1,"cellHeight":1,"cellXPos":9,"cellYPos":3,"renderable":{"mShader":{"mCompiledShader":{},"mShaderVertexPositionAttribute":0,"mPixelColor":{},"mModelTransform":{},"mViewProjTransform":{},"mVertexShader":{},"mFragmentShader":{},"mShaderTextureCoordAttribute":1},"mXform":{"mPosition":{"0":4.5,"1":-1.5},"mScale":{"0":1,"1":1},"mRotationInRad":0},"mColor":[1,1,1,0],"mTexture":"assets/bomberman/backyard_1.png","mTextureInfo":{"mName":"assets/bomberman/backyard_1.png","mWidth":64,"mHeight":64,"mGLTexID":{},"mColorArray":null},"mColorArray":null,"mTexWidth":64,"mTexHeight":64,"mTexLeftIndex":0,"mTexBottomIndex":0}},{"cellWidth":1,"cellHeight":1,"cellXPos":9,"cellYPos":4,"renderable":{"mShader":{"mCompiledShader":{},"mShaderVertexPositionAttribute":0,"mPixelColor":{},"mModelTransform":{},"mViewProjTransform":{},"mVertexShader":{},"mFragmentShader":{},"mShaderTextureCoordAttribute":1},"mXform":{"mPosition":{"0":4.5,"1":-0.5},"mScale":{"0":1,"1":1},"mRotationInRad":0},"mColor":[1,1,1,0],"mTexture":"assets/bomberman/backyard_1.png","mTextureInfo":{"mName":"assets/bomberman/backyard_1.png","mWidth":64,"mHeight":64,"mGLTexID":{},"mColorArray":null},"mColorArray":null,"mTexWidth":64,"mTexHeight":64,"mTexLeftIndex":0,"mTexBottomIndex":0}},{"cellWidth":1,"cellHeight":1,"cellXPos":9,"cellYPos":5,"renderable":{"mShader":{"mCompiledShader":{},"mShaderVertexPositionAttribute":0,"mPixelColor":{},"mModelTransform":{},"mViewProjTransform":{},"mVertexShader":{},"mFragmentShader":{},"mShaderTextureCoordAttribute":1},"mXform":{"mPosition":{"0":4.5,"1":0.5},"mScale":{"0":1,"1":1},"mRotationInRad":0},"mColor":[1,1,1,0],"mTexture":"assets/bomberman/backyard_1.png","mTextureInfo":{"mName":"assets/bomberman/backyard_1.png","mWidth":64,"mHeight":64,"mGLTexID":{},"mColorArray":null},"mColorArray":null,"mTexWidth":64,"mTexHeight":64,"mTexLeftIndex":0,"mTexBottomIndex":0}},{"cellWidth":1,"cellHeight":1,"cellXPos":9,"cellYPos":6,"renderable":{"mShader":{"mCompiledShader":{},"mShaderVertexPositionAttribute":0,"mPixelColor":{},"mModelTransform":{},"mViewProjTransform":{},"mVertexShader":{},"mFragmentShader":{},"mShaderTextureCoordAttribute":1},"mXform":{"mPosition":{"0":4.5,"1":1.5},"mScale":{"0":1,"1":1},"mRotationInRad":0},"mColor":[1,1,1,0],"mTexture":"assets/bomberman/backyard_1.png","mTextureInfo":{"mName":"assets/bomberman/backyard_1.png","mWidth":64,"mHeight":64,"mGLTexID":{},"mColorArray":null},"mColorArray":null,"mTexWidth":64,"mTexHeight":64,"mTexLeftIndex":0,"mTexBottomIndex":0}},{"cellWidth":1,"cellHeight":1,"cellXPos":9,"cellYPos":7,"renderable":{"mShader":{"mCompiledShader":{},"mShaderVertexPositionAttribute":0,"mPixelColor":{},"mModelTransform":{},"mViewProjTransform":{},"mVertexShader":{},"mFragmentShader":{},"mShaderTextureCoordAttribute":1},"mXform":{"mPosition":{"0":4.5,"1":2.5},"mScale":{"0":1,"1":1},"mRotationInRad":0},"mColor":[1,1,1,0],"mTexture":"assets/bomberman/backyard_1.png","mTextureInfo":{"mName":"assets/bomberman/backyard_1.png","mWidth":64,"mHeight":64,"mGLTexID":{},"mColorArray":null},"mColorArray":null,"mTexWidth":64,"mTexHeight":64,"mTexLeftIndex":0,"mTexBottomIndex":0}},{"cellWidth":1,"cellHeight":1,"cellXPos":9,"cellYPos":8,"renderable":{"mShader":{"mCompiledShader":{},"mShaderVertexPositionAttribute":0,"mPixelColor":{},"mModelTransform":{},"mViewProjTransform":{},"mVertexShader":{},"mFragmentShader":{},"mShaderTextureCoordAttribute":1},"mXform":{"mPosition":{"0":4.5,"1":3.5},"mScale":{"0":1,"1":1},"mRotationInRad":0},"mColor":[1,1,1,0],"mTexture":"assets/bomberman/backyard_1.png","mTextureInfo":{"mName":"assets/bomberman/backyard_1.png","mWidth":64,"mHeight":64,"mGLTexID":{},"mColorArray":null},"mColorArray":null,"mTexWidth":64,"mTexHeight":64,"mTexLeftIndex":0,"mTexBottomIndex":0}},{"cellWidth":1,"cellHeight":1,"cellXPos":9,"cellYPos":9,"renderable":{"mShader":{"mCompiledShader":{},"mShaderVertexPositionAttribute":0,"mPixelColor":{},"mModelTransform":{},"mViewProjTransform":{},"mVertexShader":{},"mFragmentShader":{},"mShaderTextureCoordAttribute":1},"mXform":{"mPosition":{"0":4.5,"1":4.5},"mScale":{"0":1,"1":1},"mRotationInRad":0},"mColor":[1,1,1,0],"mTexture":"assets/bomberman/backyard_1.png","mTextureInfo":{"mName":"assets/bomberman/backyard_1.png","mWidth":64,"mHeight":64,"mGLTexID":{},"mColorArray":null},"mColorArray":null,"mTexWidth":64,"mTexHeight":64,"mTexLeftIndex":0,"mTexBottomIndex":0}}]]}